{"cameraMode":{"drawMode":0,"name":"Shaded","section":"Shading Mode"},"sceneLighting":false,"audioPlay":false,"sceneViewState":{"showFog":true,"showMaterialUpdate":false,"showSkybox":false,"showFlares":true,"showImageEffects":true,"showParticleSystems":true},"in2DMode":false,"pivot":{"x":5.65234899520874,"y":2.8832311630249025,"z":-10.055632591247559},"rotation":{"x":0.040961239486932757,"y":0.9413368701934815,"z":-0.12384621798992157,"w":0.31140339374542239},"size":5.19303035736084,"orthographic":false}