{"cameraMode":{"drawMode":0,"name":"Shaded","section":"Shading Mode"},"sceneLighting":true,"audioPlay":false,"sceneViewState":{"showFog":true,"showMaterialUpdate":false,"showSkybox":true,"showFlares":true,"showImageEffects":true,"showParticleSystems":true},"in2DMode":false,"pivot":{"x":0.1520097255706787,"y":3.9422810077667238,"z":0.3503947854042053},"rotation":{"x":0.19657225906848908,"y":0.6805486083030701,"z":-0.19739606976509095,"w":0.6776965260505676},"size":3.032447099685669,"orthographic":false}