{"cameraMode":{"drawMode":0,"name":"Shaded","section":"Shading Mode"},"sceneLighting":true,"audioPlay":false,"sceneViewState":{"showFog":true,"showMaterialUpdate":false,"showSkybox":true,"showFlares":true,"showImageEffects":true,"showParticleSystems":true},"in2DMode":false,"pivot":{"x":-0.9271313548088074,"y":0.23387360572814942,"z":-9.809370040893555},"rotation":{"x":-0.04339296370744705,"y":-0.9535228610038757,"z":0.16791248321533204,"w":-0.24641507863998414},"size":10.114803314208985,"orthographic":false}