{"cameraMode":{"drawMode":0,"name":"Shaded","section":"Shading Mode"},"sceneLighting":true,"audioPlay":false,"sceneViewState":{"showFog":true,"showMaterialUpdate":false,"showSkybox":true,"showFlares":true,"showImageEffects":true,"showParticleSystems":true},"in2DMode":false,"pivot":{"x":-0.6851387023925781,"y":1.1819038391113282,"z":1.3147060871124268},"rotation":{"x":0.18233446776866914,"y":-0.7310571074485779,"z":0.21444837749004365,"w":0.6217073202133179},"size":9.950179100036621,"orthographic":false}