{"cameraMode":{"drawMode":0,"name":"Shaded","section":"Shading Mode"},"sceneLighting":true,"audioPlay":false,"sceneViewState":{"showFog":true,"showMaterialUpdate":false,"showSkybox":true,"showFlares":true,"showImageEffects":true,"showParticleSystems":true},"in2DMode":false,"pivot":{"x":-1.3722858428955079,"y":0.1336679458618164,"z":8.056739807128907},"rotation":{"x":-0.20056858658790589,"y":0.4876326322555542,"z":-0.11642289906740189,"w":-0.8418917655944824},"size":19.641353607177736,"orthographic":false}