{"cameraMode":{"drawMode":0,"name":"Shaded","section":"Shading Mode"},"sceneLighting":true,"audioPlay":false,"sceneViewState":{"showFog":true,"showMaterialUpdate":false,"showSkybox":true,"showFlares":true,"showImageEffects":true,"showParticleSystems":true},"in2DMode":false,"pivot":{"x":-5.486748218536377,"y":0.9424214363098145,"z":0.6975581645965576},"rotation":{"x":-0.19172632694244386,"y":0.645784854888916,"z":-0.1727725714445114,"w":-0.7188063859939575},"size":5.998200416564941,"orthographic":false}